Model,Accuracy,Precision,Recall,F1_Score,ROC_AUC
Decision Tree,0.8800959232613909,0.9388888888888889,0.8125,0.8711340206185567,0.9119433198380567
