Metric,Value
Accuracy,0.8081534772182254
Precision,0.8
Recall,0.8229665071770335
F1-Score,0.8113207547169812
ROC-AUC,0.8908722856091277
