Model,Accuracy,Precision,Recall,F1-Score,ROC-AUC
Logistic Regression,0.8081534772182254,0.8,0.8229665071770335,0.8113207547169812,0.8908722856091277
