Metric,Value
Accuracy,0.9136690647482014
Precision,0.9481865284974094
Recall,0.8755980861244019
F1-Score,0.9104477611940298
ROC-AUC,0.9654605263157894
