Model,Accuracy,Precision,Recall,F1_Score,ROC_AUC
Random Forest,0.920863309352518,0.9533678756476683,0.8846153846153846,0.9177057356608479,0.9567652741994846
