Metric,Value
Accuracy,0.841726618705036
Precision,0.8325581395348837
Recall,0.8564593301435407
F1-Score,0.8443396226415094
ROC-AUC,0.9220417740154583
