Model,Accuracy,Precision,Recall,F1_Score,ROC_AUC
SVM,0.8609112709832134,0.8472222222222222,0.8798076923076923,0.8632075471698113,0.9209376150165622
