Model,Accuracy,Precision,Recall,F1_Score,ROC_AUC
XGBoost,0.9136690647482014,0.93,0.8942307692307693,0.9117647058823529,0.9527741994847257
